{"lineNum":128,"noise":0.03999999910593033,"dropout":0.029999999329447748,"maxRange":20.0,"spinRate":25.0,"instantMode":false}